"ID","Process ID","Process Name","Host Name","Kernel Name","Context","Stream","Block Size","Grid Size","Device","CC","Section Name","Body Item Label","Metric Name","Metric Unit","Metric Value","Rule Name","Rule Type","Rule Description","Estimated Speedup Type","Estimated Speedup"
"0","9320","probe_ffma.exe","127.0.0.1","probe_timer_only","1","7","(1, 1, 1)","(1, 1, 1)","0","8.6","GPU Speed Of Light Throughput","","DRAM Frequency","hz","6,853,333,333.33",
"0","9320","probe_ffma.exe","127.0.0.1","probe_timer_only","1","7","(1, 1, 1)","(1, 1, 1)","0","8.6","GPU Speed Of Light Throughput","","SM Frequency","hz","572,673,611.11",
"0","9320","probe_ffma.exe","127.0.0.1","probe_timer_only","1","7","(1, 1, 1)","(1, 1, 1)","0","8.6","GPU Speed Of Light Throughput","","Elapsed Cycles","cycle","2,751",
"0","9320","probe_ffma.exe","127.0.0.1","probe_timer_only","1","7","(1, 1, 1)","(1, 1, 1)","0","8.6","GPU Speed Of Light Throughput","","Memory Throughput","%","0.90",
"0","9320","probe_ffma.exe","127.0.0.1","probe_timer_only","1","7","(1, 1, 1)","(1, 1, 1)","0","8.6","GPU Speed Of Light Throughput","","DRAM Throughput","%","0.19",
"0","9320","probe_ffma.exe","127.0.0.1","probe_timer_only","1","7","(1, 1, 1)","(1, 1, 1)","0","8.6","GPU Speed Of Light Throughput","","Duration","ns","4,800",
"0","9320","probe_ffma.exe","127.0.0.1","probe_timer_only","1","7","(1, 1, 1)","(1, 1, 1)","0","8.6","GPU Speed Of Light Throughput","","L1/TEX Cache Throughput","%","81.40",
"0","9320","probe_ffma.exe","127.0.0.1","probe_timer_only","1","7","(1, 1, 1)","(1, 1, 1)","0","8.6","GPU Speed Of Light Throughput","","Waves Per SM","","0.00",
"0","9320","probe_ffma.exe","127.0.0.1","probe_timer_only","1","7","(1, 1, 1)","(1, 1, 1)","0","8.6","GPU Speed Of Light Throughput","","L2 Cache Throughput","%","0.90",
"0","9320","probe_ffma.exe","127.0.0.1","probe_timer_only","1","7","(1, 1, 1)","(1, 1, 1)","0","8.6","GPU Speed Of Light Throughput","","SM Active Cycles","cycle","14.74",
"0","9320","probe_ffma.exe","127.0.0.1","probe_timer_only","1","7","(1, 1, 1)","(1, 1, 1)","0","8.6","GPU Speed Of Light Throughput","","Compute (SM) Throughput","%","0.00",
"0","9320","probe_ffma.exe","127.0.0.1","probe_timer_only","1","7","(1, 1, 1)","(1, 1, 1)","0","8.6","GPU Speed Of Light Throughput","GPU Throughput","Memory [%]","%","0.90",
"0","9320","probe_ffma.exe","127.0.0.1","probe_timer_only","1","7","(1, 1, 1)","(1, 1, 1)","0","8.6","GPU Speed Of Light Throughput","GPU Throughput","Compute (SM) [%]","%","0.00",
"0","9320","probe_ffma.exe","127.0.0.1","probe_timer_only","1","7","(1, 1, 1)","(1, 1, 1)","0","8.6","GPU Speed Of Light Throughput","Compute Throughput Breakdown","IDC: Request Cycles Active","%","0",
"0","9320","probe_ffma.exe","127.0.0.1","probe_timer_only","1","7","(1, 1, 1)","(1, 1, 1)","0","8.6","GPU Speed Of Light Throughput","Compute Throughput Breakdown","SM: Inst Executed","%","0.00",
"0","9320","probe_ffma.exe","127.0.0.1","probe_timer_only","1","7","(1, 1, 1)","(1, 1, 1)","0","8.6","GPU Speed Of Light Throughput","Compute Throughput Breakdown","SM: Inst Executed Pipe Adu","%","0.00",
"0","9320","probe_ffma.exe","127.0.0.1","probe_timer_only","1","7","(1, 1, 1)","(1, 1, 1)","0","8.6","GPU Speed Of Light Throughput","Compute Throughput Breakdown","SM: Inst Executed Pipe Cbu Pred On Any","%","0.00",
"0","9320","probe_ffma.exe","127.0.0.1","probe_timer_only","1","7","(1, 1, 1)","(1, 1, 1)","0","8.6","GPU Speed Of Light Throughput","Compute Throughput Breakdown","SM: Inst Executed Pipe Ipa","%","0",
"0","9320","probe_ffma.exe","127.0.0.1","probe_timer_only","1","7","(1, 1, 1)","(1, 1, 1)","0","8.6","GPU Speed Of Light Throughput","Compute Throughput Breakdown","SM: Inst Executed Pipe Lsu","%","0.00",
"0","9320","probe_ffma.exe","127.0.0.1","probe_timer_only","1","7","(1, 1, 1)","(1, 1, 1)","0","8.6","GPU Speed Of Light Throughput","Compute Throughput Breakdown","SM: Inst Executed Pipe Tex","%","0",
"0","9320","probe_ffma.exe","127.0.0.1","probe_timer_only","1","7","(1, 1, 1)","(1, 1, 1)","0","8.6","GPU Speed Of Light Throughput","Compute Throughput Breakdown","SM: Inst Executed Pipe Uniform","%","0.00",
"0","9320","probe_ffma.exe","127.0.0.1","probe_timer_only","1","7","(1, 1, 1)","(1, 1, 1)","0","8.6","GPU Speed Of Light Throughput","Compute Throughput Breakdown","SM: Inst Executed Pipe Xu","%","0",
"0","9320","probe_ffma.exe","127.0.0.1","probe_timer_only","1","7","(1, 1, 1)","(1, 1, 1)","0","8.6","GPU Speed Of Light Throughput","Compute Throughput Breakdown","SM: Instruction Throughput Internal Activity","%","0",
"0","9320","probe_ffma.exe","127.0.0.1","probe_timer_only","1","7","(1, 1, 1)","(1, 1, 1)","0","8.6","GPU Speed Of Light Throughput","Compute Throughput Breakdown","SM: Issue Active","%","0.00",
"0","9320","probe_ffma.exe","127.0.0.1","probe_timer_only","1","7","(1, 1, 1)","(1, 1, 1)","0","8.6","GPU Speed Of Light Throughput","Compute Throughput Breakdown","SM: Memory Throughput Internal Activity","%","0",
"0","9320","probe_ffma.exe","127.0.0.1","probe_timer_only","1","7","(1, 1, 1)","(1, 1, 1)","0","8.6","GPU Speed Of Light Throughput","Compute Throughput Breakdown","SM: Mio2rf Writeback Active","%","0.00",
"0","9320","probe_ffma.exe","127.0.0.1","probe_timer_only","1","7","(1, 1, 1)","(1, 1, 1)","0","8.6","GPU Speed Of Light Throughput","Compute Throughput Breakdown","SM: Mio Inst Issued","%","0.00",
"0","9320","probe_ffma.exe","127.0.0.1","probe_timer_only","1","7","(1, 1, 1)","(1, 1, 1)","0","8.6","GPU Speed Of Light Throughput","Compute Throughput Breakdown","SM: Mio Pq Read Cycles Active","%","0.00",
"0","9320","probe_ffma.exe","127.0.0.1","probe_timer_only","1","7","(1, 1, 1)","(1, 1, 1)","0","8.6","GPU Speed Of Light Throughput","Compute Throughput Breakdown","SM: Mio Pq Write Cycles Active","%","0.00",
"0","9320","probe_ffma.exe","127.0.0.1","probe_timer_only","1","7","(1, 1, 1)","(1, 1, 1)","0","8.6","GPU Speed Of Light Throughput","Compute Throughput Breakdown","SM: Pipe Alu Cycles Active","%","0.00",
"0","9320","probe_ffma.exe","127.0.0.1","probe_timer_only","1","7","(1, 1, 1)","(1, 1, 1)","0","8.6","GPU Speed Of Light Throughput","Compute Throughput Breakdown","SM: Pipe Fma Cycles Active","%","0.00",
"0","9320","probe_ffma.exe","127.0.0.1","probe_timer_only","1","7","(1, 1, 1)","(1, 1, 1)","0","8.6","GPU Speed Of Light Throughput","Compute Throughput Breakdown","SM: Pipe Fmaheavy Cycles Active","%","0.00",
"0","9320","probe_ffma.exe","127.0.0.1","probe_timer_only","1","7","(1, 1, 1)","(1, 1, 1)","0","8.6","GPU Speed Of Light Throughput","Compute Throughput Breakdown","SM: Pipe Fp64 Cycles Active","%","0",
"0","9320","probe_ffma.exe","127.0.0.1","probe_timer_only","1","7","(1, 1, 1)","(1, 1, 1)","0","8.6","GPU Speed Of Light Throughput","Compute Throughput Breakdown","SM: Pipe Tensor Cycles Active","%","0",
"0","9320","probe_ffma.exe","127.0.0.1","probe_timer_only","1","7","(1, 1, 1)","(1, 1, 1)","0","8.6","GPU Speed Of Light Throughput","Memory Throughput Breakdown","L2: T Sectors","%","0.90",
"0","9320","probe_ffma.exe","127.0.0.1","probe_timer_only","1","7","(1, 1, 1)","(1, 1, 1)","0","8.6","GPU Speed Of Light Throughput","Memory Throughput Breakdown","L2: Lts2xbar Cycles Active","%","0.68",
"0","9320","probe_ffma.exe","127.0.0.1","probe_timer_only","1","7","(1, 1, 1)","(1, 1, 1)","0","8.6","GPU Speed Of Light Throughput","Memory Throughput Breakdown","L1: Texin Sm2tex Req Cycles Active","%","0.47",
"0","9320","probe_ffma.exe","127.0.0.1","probe_timer_only","1","7","(1, 1, 1)","(1, 1, 1)","0","8.6","GPU Speed Of Light Throughput","Memory Throughput Breakdown","L2: Xbar2lts Cycles Active","%","0.28",
"0","9320","probe_ffma.exe","127.0.0.1","probe_timer_only","1","7","(1, 1, 1)","(1, 1, 1)","0","8.6","GPU Speed Of Light Throughput","Memory Throughput Breakdown","GPU: Compute Memory Access Throughput Internal Activity","%","0.27",
"0","9320","probe_ffma.exe","127.0.0.1","probe_timer_only","1","7","(1, 1, 1)","(1, 1, 1)","0","8.6","GPU Speed Of Light Throughput","Memory Throughput Breakdown","L2: T Tag Requests","%","0.26",
"0","9320","probe_ffma.exe","127.0.0.1","probe_timer_only","1","7","(1, 1, 1)","(1, 1, 1)","0","8.6","GPU Speed Of Light Throughput","Memory Throughput Breakdown","DRAM: Dram Sectors","%","0.19",
"0","9320","probe_ffma.exe","127.0.0.1","probe_timer_only","1","7","(1, 1, 1)","(1, 1, 1)","0","8.6","GPU Speed Of Light Throughput","Memory Throughput Breakdown","L2: D Sectors","%","0.15",
"0","9320","probe_ffma.exe","127.0.0.1","probe_timer_only","1","7","(1, 1, 1)","(1, 1, 1)","0","8.6","GPU Speed Of Light Throughput","Memory Throughput Breakdown","DRAM: Cycles Active","%","0.13",
"0","9320","probe_ffma.exe","127.0.0.1","probe_timer_only","1","7","(1, 1, 1)","(1, 1, 1)","0","8.6","GPU Speed Of Light Throughput","Memory Throughput Breakdown","L2: D Sectors Fill Device","%","0.09",
"0","9320","probe_ffma.exe","127.0.0.1","probe_timer_only","1","7","(1, 1, 1)","(1, 1, 1)","0","8.6","GPU Speed Of Light Throughput","Memory Throughput Breakdown","L1: M L1tex2xbar Req Cycles Active","%","0.08",
"0","9320","probe_ffma.exe","127.0.0.1","probe_timer_only","1","7","(1, 1, 1)","(1, 1, 1)","0","8.6","GPU Speed Of Light Throughput","Memory Throughput Breakdown","GPU: Compute Memory Request Throughput Internal Activity","%","0",
"0","9320","probe_ffma.exe","127.0.0.1","probe_timer_only","1","7","(1, 1, 1)","(1, 1, 1)","0","8.6","GPU Speed Of Light Throughput","Memory Throughput Breakdown","L1: Data Bank Reads","%","0.00",
"0","9320","probe_ffma.exe","127.0.0.1","probe_timer_only","1","7","(1, 1, 1)","(1, 1, 1)","0","8.6","GPU Speed Of Light Throughput","Memory Throughput Breakdown","L1: Data Bank Writes","%","0.00",
"0","9320","probe_ffma.exe","127.0.0.1","probe_timer_only","1","7","(1, 1, 1)","(1, 1, 1)","0","8.6","GPU Speed Of Light Throughput","Memory Throughput Breakdown","L1: Data Pipe Lsu Wavefronts","%","0.00",
"0","9320","probe_ffma.exe","127.0.0.1","probe_timer_only","1","7","(1, 1, 1)","(1, 1, 1)","0","8.6","GPU Speed Of Light Throughput","Memory Throughput Breakdown","L1: Data Pipe Tex Wavefronts","%","0",
"0","9320","probe_ffma.exe","127.0.0.1","probe_timer_only","1","7","(1, 1, 1)","(1, 1, 1)","0","8.6","GPU Speed Of Light Throughput","Memory Throughput Breakdown","L1: F Wavefronts","%","0",
"0","9320","probe_ffma.exe","127.0.0.1","probe_timer_only","1","7","(1, 1, 1)","(1, 1, 1)","0","8.6","GPU Speed Of Light Throughput","Memory Throughput Breakdown","L1: Lsu Writeback Active","%","0.00",
"0","9320","probe_ffma.exe","127.0.0.1","probe_timer_only","1","7","(1, 1, 1)","(1, 1, 1)","0","8.6","GPU Speed Of Light Throughput","Memory Throughput Breakdown","L1: Lsuin Requests","%","0.00",
"0","9320","probe_ffma.exe","127.0.0.1","probe_timer_only","1","7","(1, 1, 1)","(1, 1, 1)","0","8.6","GPU Speed Of Light Throughput","Memory Throughput Breakdown","L1: M Xbar2l1tex Read Sectors","%","0",
"0","9320","probe_ffma.exe","127.0.0.1","probe_timer_only","1","7","(1, 1, 1)","(1, 1, 1)","0","8.6","GPU Speed Of Light Throughput","Memory Throughput Breakdown","L1: Tex Writeback Active","%","0",
"0","9320","probe_ffma.exe","127.0.0.1","probe_timer_only","1","7","(1, 1, 1)","(1, 1, 1)","0","8.6","GPU Speed Of Light Throughput","Memory Throughput Breakdown","L2: D Atomic Input Cycles Active","%","0",
"0","9320","probe_ffma.exe","127.0.0.1","probe_timer_only","1","7","(1, 1, 1)","(1, 1, 1)","0","8.6","GPU Speed Of Light Throughput","Memory Throughput Breakdown","L2: D Sectors Fill Sysmem","%","0",
"0","9320","probe_ffma.exe","127.0.0.1","probe_timer_only","1","7","(1, 1, 1)","(1, 1, 1)","0","8.6","SpeedOfLight","","","","","SOLBottleneck","OPT","This kernel grid is too small to fill the available resources on this device, resulting in only 0.0 full waves across all SMs. Look at Launch Statistics for more details.","",""
"0","9320","probe_ffma.exe","127.0.0.1","probe_timer_only","1","7","(1, 1, 1)","(1, 1, 1)","0","8.6","Launch Statistics","","Block Size","","1",
"0","9320","probe_ffma.exe","127.0.0.1","probe_timer_only","1","7","(1, 1, 1)","(1, 1, 1)","0","8.6","Launch Statistics","","Function Cache Configuration","","CachePreferNone",
"0","9320","probe_ffma.exe","127.0.0.1","probe_timer_only","1","7","(1, 1, 1)","(1, 1, 1)","0","8.6","Launch Statistics","","Grid Size","","1",
"0","9320","probe_ffma.exe","127.0.0.1","probe_timer_only","1","7","(1, 1, 1)","(1, 1, 1)","0","8.6","Launch Statistics","","Registers Per Thread","register/thread","16",
"0","9320","probe_ffma.exe","127.0.0.1","probe_timer_only","1","7","(1, 1, 1)","(1, 1, 1)","0","8.6","Launch Statistics","","Shared Memory Configuration Size","byte","16,384",
"0","9320","probe_ffma.exe","127.0.0.1","probe_timer_only","1","7","(1, 1, 1)","(1, 1, 1)","0","8.6","Launch Statistics","","Driver Shared Memory Per Block","byte/block","1,024",
"0","9320","probe_ffma.exe","127.0.0.1","probe_timer_only","1","7","(1, 1, 1)","(1, 1, 1)","0","8.6","Launch Statistics","","Dynamic Shared Memory Per Block","byte/block","0",
"0","9320","probe_ffma.exe","127.0.0.1","probe_timer_only","1","7","(1, 1, 1)","(1, 1, 1)","0","8.6","Launch Statistics","","Static Shared Memory Per Block","byte/block","0",
"0","9320","probe_ffma.exe","127.0.0.1","probe_timer_only","1","7","(1, 1, 1)","(1, 1, 1)","0","8.6","Launch Statistics","","# SMs","SM","58",
"0","9320","probe_ffma.exe","127.0.0.1","probe_timer_only","1","7","(1, 1, 1)","(1, 1, 1)","0","8.6","Launch Statistics","","Stack Size","","1,024",
"0","9320","probe_ffma.exe","127.0.0.1","probe_timer_only","1","7","(1, 1, 1)","(1, 1, 1)","0","8.6","Launch Statistics","","Threads","thread","1",
"0","9320","probe_ffma.exe","127.0.0.1","probe_timer_only","1","7","(1, 1, 1)","(1, 1, 1)","0","8.6","Launch Statistics","","# TPCs","","29",
"0","9320","probe_ffma.exe","127.0.0.1","probe_timer_only","1","7","(1, 1, 1)","(1, 1, 1)","0","8.6","Launch Statistics","","Enabled TPC IDs","","all",
"0","9320","probe_ffma.exe","127.0.0.1","probe_timer_only","1","7","(1, 1, 1)","(1, 1, 1)","0","8.6","Launch Statistics","","Uses Green Context","","0",
"0","9320","probe_ffma.exe","127.0.0.1","probe_timer_only","1","7","(1, 1, 1)","(1, 1, 1)","0","8.6","Launch Statistics","","Waves Per SM","","0.00",
"0","9320","probe_ffma.exe","127.0.0.1","probe_timer_only","1","7","(1, 1, 1)","(1, 1, 1)","0","8.6","Launch Statistics","","Theoretical Occupancy","%","33.33",
"0","9320","probe_ffma.exe","127.0.0.1","probe_timer_only","1","7","(1, 1, 1)","(1, 1, 1)","0","8.6","Launch Statistics","","Achieved Occupancy","%","2.08",
"0","9320","probe_ffma.exe","127.0.0.1","probe_timer_only","1","7","(1, 1, 1)","(1, 1, 1)","0","8.6","LaunchStats","","","","","LaunchConfiguration","OPT","Threads are executed in groups of 32 threads called warps. This kernel launch is configured to execute 1 threads per block. Consequently, some threads in a warp are masked off and those hardware resources are unused. Try changing the number of threads per block to be a multiple of 32 threads. Between 128 and 256 threads per block is a good initial range for experimentation. Use smaller thread blocks rather than one large thread block per multiprocessor if latency affects performance.  This is particularly beneficial to kernels that frequently call __syncthreads(). See the Hardware Model (https://docs.nvidia.com/nsight-compute/ProfilingGuide/index.html#metrics-hw-model) description for more details on launch configurations.","global","96.88"
"0","9320","probe_ffma.exe","127.0.0.1","probe_timer_only","1","7","(1, 1, 1)","(1, 1, 1)","0","8.6","LaunchStats","","","","","LaunchConfiguration","OPT","The grid for this launch is configured to execute only 1 block, which is less than the GPU's 58 multiprocessors. This can underutilize some multiprocessors. If you do not intend to execute this kernel concurrently with other workloads, consider reducing the block size to have at least one block per multiprocessor or increase the size of the grid to fully utilize the available hardware resources. See the Hardware Model (https://docs.nvidia.com/nsight-compute/ProfilingGuide/index.html#metrics-hw-model) description for more details on launch configurations.","global","98.28"
"0","9320","probe_ffma.exe","127.0.0.1","probe_timer_only","1","7","(1, 1, 1)","(1, 1, 1)","0","8.6","Occupancy","","Block Limit SM","block","16",
"0","9320","probe_ffma.exe","127.0.0.1","probe_timer_only","1","7","(1, 1, 1)","(1, 1, 1)","0","8.6","Occupancy","","Block Limit Registers","block","128",
"0","9320","probe_ffma.exe","127.0.0.1","probe_timer_only","1","7","(1, 1, 1)","(1, 1, 1)","0","8.6","Occupancy","","Block Limit Shared Mem","block","16",
"0","9320","probe_ffma.exe","127.0.0.1","probe_timer_only","1","7","(1, 1, 1)","(1, 1, 1)","0","8.6","Occupancy","","Block Limit Warps","block","48",
"0","9320","probe_ffma.exe","127.0.0.1","probe_timer_only","1","7","(1, 1, 1)","(1, 1, 1)","0","8.6","Occupancy","","Theoretical Active Warps per SM","warp","16",
"0","9320","probe_ffma.exe","127.0.0.1","probe_timer_only","1","7","(1, 1, 1)","(1, 1, 1)","0","8.6","Occupancy","","Theoretical Occupancy","%","33.33",
"0","9320","probe_ffma.exe","127.0.0.1","probe_timer_only","1","7","(1, 1, 1)","(1, 1, 1)","0","8.6","Occupancy","","Achieved Occupancy","%","2.08",
"0","9320","probe_ffma.exe","127.0.0.1","probe_timer_only","1","7","(1, 1, 1)","(1, 1, 1)","0","8.6","Occupancy","","Achieved Active Warps Per SM","warp","1",
"0","9320","probe_ffma.exe","127.0.0.1","probe_timer_only","1","7","(1, 1, 1)","(1, 1, 1)","0","8.6","Occupancy","","Theoretical Warps Per Scheduler","warp","4",
"0","9320","probe_ffma.exe","127.0.0.1","probe_timer_only","1","7","(1, 1, 1)","(1, 1, 1)","0","8.6","Occupancy","","GPU Maximum Warps Per Scheduler","warp","12",
"0","9320","probe_ffma.exe","127.0.0.1","probe_timer_only","1","7","(1, 1, 1)","(1, 1, 1)","0","8.6","Occupancy","Impact of Varying Register Count Per Thread","% Occupancy Per Register Count","%/register","6,665 (33; 33; 33; 33; 33; 33; 33; 33; 33; 33; 33; 33; 33; 33; 33; 33; 33; 33; 33; 33; 33; 33; 33; 33; 33; 33; 33; 33; 33; 33; 33; 33; 33; 33; 33; 33; 33; 33; 33; 33; 33; 33; 33; 33; 33; 33; 33; 33; 33; 33; 33; 33; 33; 33; 33; 33; 33; 33; 33; 33; 33; 33; 33; 33; 33; 33; 33; 33; 33; 33; 33; 33; 33; 33; 33; 33; 33; 33; 33; 33; 33; 33; 33; 33; 33; 33; 33; 33; 33; 33; 33; 33; 33; 33; 33; 33; 33; 33; 33; 33; 33; 33; 33; 33; 33; 33; 33; 33; 33; 33; 33; 33; 33; 33; 33; 33; 33; 33; 33; 33; 33; 33; 33; 33; 33; 33; 33; 33; 33; 25; 25; 25; 25; 25; 25; 25; 25; 25; 25; 25; 25; 25; 25; 25; 25; 25; 25; 25; 25; 25; 25; 25; 25; 25; 25; 25; 25; 25; 25; 25; 25; 25; 25; 25; 25; 25; 25; 25; 25; 16; 16; 16; 16; 16; 16; 16; 16; 16; 16; 16; 16; 16; 16; 16; 16; 16; 16; 16; 16; 16; 16; 16; 16; 16; 16; 16; 16; 16; 16; 16; 16; 16; 16; 16; 16; 16; 16; 16; 16; 16; 16; 16; 16; 16; 16; 16; 16; 16; 16; 16; 16; 16; 16; 16; 16; 16; 16; 16; 16; 16; 16; 16; 16; 16; 16; 16; 16; 16; 16; 16; 16; 16; 16; 16; 16; 16; 16; 16; 16; 16; 16; 16; 16; 16; 16; 16; 16)",
"0","9320","probe_ffma.exe","127.0.0.1","probe_timer_only","1","7","(1, 1, 1)","(1, 1, 1)","0","8.6","Occupancy","Impact of Varying Register Count Per Thread","Registers Per Thread","register/thread","16",
"0","9320","probe_ffma.exe","127.0.0.1","probe_timer_only","1","7","(1, 1, 1)","(1, 1, 1)","0","8.6","Occupancy","Impact of Varying Block Size","% Occupancy Per Block Size","%","5,151 (33; 33; 33; 66; 66; 100; 100; 100; 100; 93; 93; 100; 100; 87; 87; 100; 100; 93; 93; 83; 83; 91; 91; 100; 100; 81; 81; 87; 87; 93; 93; 100; 100; 70; 70; 75; 75; 79; 79; 83; 83; 87; 87; 91; 91; 95; 95; 100; 100; 52; 52; 54; 54; 56; 56; 58; 58; 60; 60; 62; 62; 64; 64; 66; 66)",
"0","9320","probe_ffma.exe","127.0.0.1","probe_timer_only","1","7","(1, 1, 1)","(1, 1, 1)","0","8.6","Occupancy","Impact of Varying Block Size","Block Size","","1",
"0","9320","probe_ffma.exe","127.0.0.1","probe_timer_only","1","7","(1, 1, 1)","(1, 1, 1)","0","8.6","Occupancy","Impact of Varying Shared Memory Usage Per Block","% Occupancy Per Shared Mem Size","%/byte","369 (33; 33; 33; 20; 16; 12; 10; 8; 8; 6; 6; 4; 4; 4; 4; 4; 4; 2; 2; 2; 2; 2; 2; 2; 2; 2; 2; 2; 2; 2; 2; 2; 2; 2; 2; 2; 2; 2; 2; 2; 2; 2; 2; 2; 2; 2; 2; 2; 2; 2; 2; 2; 2; 2; 2; 2; 2; 2; 2; 2; 2; 2; 2; 2; 2; 2; 2; 2; 2; 2; 2; 2; 2; 2; 2; 2; 2; 2; 2; 2; 2; 2; 2; 2; 2; 2; 2; 2; 2; 2; 2; 2; 2; 2; 2; 2; 2; 0; 0; 0; 0; 0; 0; 0; 0; 0; 0; 0; 0; 0; 0; 0; 0; 0; 0; 0; 0; 0; 0; 0; 0; 0; 0; 0; 0; 0; 0; 0; 0; 0; 0; 0; 0; 0; 0; 0; 0; 0; 0; 0; 0; 0; 0; 0; 0; 0; 0; 0; 0; 0; 0; 0; 0; 0; 0; 0; 0; 0; 0; 0; 0; 0; 0; 0; 0; 0; 0; 0; 0; 0; 0; 0; 0; 0; 0; 0; 0; 0; 0; 0; 0; 0; 0; 0; 0; 0; 0; 0; 0; 0; 0; 0; 0; 0; 0; 0; 0; 0; 0; 0)",
"0","9320","probe_ffma.exe","127.0.0.1","probe_timer_only","1","7","(1, 1, 1)","(1, 1, 1)","0","8.6","Occupancy","Impact of Varying Shared Memory Usage Per Block","Shared Memory Per Block","byte/block","1,024",
"0","9320","probe_ffma.exe","127.0.0.1","probe_timer_only","1","7","(1, 1, 1)","(1, 1, 1)","0","8.6","Occupancy","Impact of Varying Register Count Per Thread","# Warps Per Register Count","","3,248 (16; 16; 16; 16; 16; 16; 16; 16; 16; 16; 16; 16; 16; 16; 16; 16; 16; 16; 16; 16; 16; 16; 16; 16; 16; 16; 16; 16; 16; 16; 16; 16; 16; 16; 16; 16; 16; 16; 16; 16; 16; 16; 16; 16; 16; 16; 16; 16; 16; 16; 16; 16; 16; 16; 16; 16; 16; 16; 16; 16; 16; 16; 16; 16; 16; 16; 16; 16; 16; 16; 16; 16; 16; 16; 16; 16; 16; 16; 16; 16; 16; 16; 16; 16; 16; 16; 16; 16; 16; 16; 16; 16; 16; 16; 16; 16; 16; 16; 16; 16; 16; 16; 16; 16; 16; 16; 16; 16; 16; 16; 16; 16; 16; 16; 16; 16; 16; 16; 16; 16; 16; 16; 16; 16; 16; 16; 16; 16; 16; 12; 12; 12; 12; 12; 12; 12; 12; 12; 12; 12; 12; 12; 12; 12; 12; 12; 12; 12; 12; 12; 12; 12; 12; 12; 12; 12; 12; 12; 12; 12; 12; 12; 12; 12; 12; 12; 12; 12; 12; 8; 8; 8; 8; 8; 8; 8; 8; 8; 8; 8; 8; 8; 8; 8; 8; 8; 8; 8; 8; 8; 8; 8; 8; 8; 8; 8; 8; 8; 8; 8; 8; 8; 8; 8; 8; 8; 8; 8; 8; 8; 8; 8; 8; 8; 8; 8; 8; 8; 8; 8; 8; 8; 8; 8; 8; 8; 8; 8; 8; 8; 8; 8; 8; 8; 8; 8; 8; 8; 8; 8; 8; 8; 8; 8; 8; 8; 8; 8; 8; 8; 8; 8; 8; 8; 8; 8; 8)",
"0","9320","probe_ffma.exe","127.0.0.1","probe_timer_only","1","7","(1, 1, 1)","(1, 1, 1)","0","8.6","Occupancy","Impact of Varying Register Count Per Thread","Registers Per Thread","register/thread","16",
"0","9320","probe_ffma.exe","127.0.0.1","probe_timer_only","1","7","(1, 1, 1)","(1, 1, 1)","0","8.6","Occupancy","Impact of Varying Block Size","Block Size","","1",
"0","9320","probe_ffma.exe","127.0.0.1","probe_timer_only","1","7","(1, 1, 1)","(1, 1, 1)","0","8.6","Occupancy","Impact of Varying Block Size","# Warps Per Block Size","","2,484 (16; 16; 16; 32; 32; 48; 48; 48; 48; 45; 45; 48; 48; 42; 42; 48; 48; 45; 45; 40; 40; 44; 44; 48; 48; 39; 39; 42; 42; 45; 45; 48; 48; 34; 34; 36; 36; 38; 38; 40; 40; 42; 42; 44; 44; 46; 46; 48; 48; 25; 25; 26; 26; 27; 27; 28; 28; 29; 29; 30; 30; 31; 31; 32; 32)",
"0","9320","probe_ffma.exe","127.0.0.1","probe_timer_only","1","7","(1, 1, 1)","(1, 1, 1)","0","8.6","Occupancy","Impact of Varying Shared Memory Usage Per Block","# Warps Per Shared Mem Size","","183 (16; 16; 16; 10; 8; 6; 5; 4; 4; 3; 3; 2; 2; 2; 2; 2; 2; 1; 1; 1; 1; 1; 1; 1; 1; 1; 1; 1; 1; 1; 1; 1; 1; 1; 1; 1; 1; 1; 1; 1; 1; 1; 1; 1; 1; 1; 1; 1; 1; 1; 1; 1; 1; 1; 1; 1; 1; 1; 1; 1; 1; 1; 1; 1; 1; 1; 1; 1; 1; 1; 1; 1; 1; 1; 1; 1; 1; 1; 1; 1; 1; 1; 1; 1; 1; 1; 1; 1; 1; 1; 1; 1; 1; 1; 1; 1; 1; 0; 0; 0; 0; 0; 0; 0; 0; 0; 0; 0; 0; 0; 0; 0; 0; 0; 0; 0; 0; 0; 0; 0; 0; 0; 0; 0; 0; 0; 0; 0; 0; 0; 0; 0; 0; 0; 0; 0; 0; 0; 0; 0; 0; 0; 0; 0; 0; 0; 0; 0; 0; 0; 0; 0; 0; 0; 0; 0; 0; 0; 0; 0; 0; 0; 0; 0; 0; 0; 0; 0; 0; 0; 0; 0; 0; 0; 0; 0; 0; 0; 0; 0; 0; 0; 0; 0; 0; 0; 0; 0; 0; 0; 0; 0; 0; 0; 0; 0; 0; 0; 0; 0)",
"0","9320","probe_ffma.exe","127.0.0.1","probe_timer_only","1","7","(1, 1, 1)","(1, 1, 1)","0","8.6","Occupancy","Impact of Varying Shared Memory Usage Per Block","Shared Memory Per Block","byte/block","1,024",
"0","9320","probe_ffma.exe","127.0.0.1","probe_timer_only","1","7","(1, 1, 1)","(1, 1, 1)","0","8.6","Occupancy","","","","","AchievedOccupancy","OPT","The difference between calculated theoretical (33.3%) and measured achieved occupancy (2.1%) can be the result of warp scheduling overheads or workload imbalances during the kernel execution. Load imbalances can occur between warps within a block as well as across blocks of the same kernel. See the CUDA Best Practices Guide (https://docs.nvidia.com/cuda/cuda-c-best-practices-guide/index.html#occupancy) for more details on optimizing occupancy.","local","93.75"
"0","9320","probe_ffma.exe","127.0.0.1","probe_timer_only","1","7","(1, 1, 1)","(1, 1, 1)","0","8.6","Occupancy","","","","","TheoreticalOccupancy","OPT","The 4.00 theoretical warps per scheduler this kernel can issue according to its occupancy are below the hardware maximum of 12. This kernel's theoretical occupancy (33.3%) is limited by the number of blocks that can fit on the SM, and the required amount of shared memory.","local","66.67"
"0","9320","probe_ffma.exe","127.0.0.1","probe_timer_only","1","7","(1, 1, 1)","(1, 1, 1)","0","8.6","GPU and Memory Workload Distribution","","Average DRAM Active Cycles","cycle","44",
"0","9320","probe_ffma.exe","127.0.0.1","probe_timer_only","1","7","(1, 1, 1)","(1, 1, 1)","0","8.6","GPU and Memory Workload Distribution","","Total DRAM Elapsed Cycles","cycle","263,168",
"0","9320","probe_ffma.exe","127.0.0.1","probe_timer_only","1","7","(1, 1, 1)","(1, 1, 1)","0","8.6","GPU and Memory Workload Distribution","","Average L1 Active Cycles","cycle","14.74",
"0","9320","probe_ffma.exe","127.0.0.1","probe_timer_only","1","7","(1, 1, 1)","(1, 1, 1)","0","8.6","GPU and Memory Workload Distribution","","Total L1 Elapsed Cycles","cycle","149,298",
"0","9320","probe_ffma.exe","127.0.0.1","probe_timer_only","1","7","(1, 1, 1)","(1, 1, 1)","0","8.6","GPU and Memory Workload Distribution","","Average L2 Active Cycles","cycle","108.09",
"0","9320","probe_ffma.exe","127.0.0.1","probe_timer_only","1","7","(1, 1, 1)","(1, 1, 1)","0","8.6","GPU and Memory Workload Distribution","","Total L2 Elapsed Cycles","cycle","90,336",
"0","9320","probe_ffma.exe","127.0.0.1","probe_timer_only","1","7","(1, 1, 1)","(1, 1, 1)","0","8.6","GPU and Memory Workload Distribution","","Average SM Active Cycles","cycle","14.74",
"0","9320","probe_ffma.exe","127.0.0.1","probe_timer_only","1","7","(1, 1, 1)","(1, 1, 1)","0","8.6","GPU and Memory Workload Distribution","","Total SM Elapsed Cycles","cycle","149,298",
"0","9320","probe_ffma.exe","127.0.0.1","probe_timer_only","1","7","(1, 1, 1)","(1, 1, 1)","0","8.6","GPU and Memory Workload Distribution","","Average SMSP Active Cycles","cycle","3.92",
"0","9320","probe_ffma.exe","127.0.0.1","probe_timer_only","1","7","(1, 1, 1)","(1, 1, 1)","0","8.6","GPU and Memory Workload Distribution","","Total SMSP Elapsed Cycles","cycle","597,192",
"0","9320","probe_ffma.exe","127.0.0.1","probe_timer_only","1","7","(1, 1, 1)","(1, 1, 1)","0","8.6","GPU and Memory Workload Distribution","Workload Distribution","DRAM Active Cycles","cycle","44",
"0","9320","probe_ffma.exe","127.0.0.1","probe_timer_only","1","7","(1, 1, 1)","(1, 1, 1)","0","8.6","GPU and Memory Workload Distribution","Workload Distribution","DRAM Active Cycles","cycle","144",
"0","9320","probe_ffma.exe","127.0.0.1","probe_timer_only","1","7","(1, 1, 1)","(1, 1, 1)","0","8.6","GPU and Memory Workload Distribution","Workload Distribution","DRAM Active Cycles","cycle","0",
"0","9320","probe_ffma.exe","127.0.0.1","probe_timer_only","1","7","(1, 1, 1)","(1, 1, 1)","0","8.6","GPU and Memory Workload Distribution","Workload Distribution","DRAM Active Cycles","cycle","352",
"0","9320","probe_ffma.exe","127.0.0.1","probe_timer_only","1","7","(1, 1, 1)","(1, 1, 1)","0","8.6","GPU and Memory Workload Distribution","Workload Distribution","L1 Active Cycles","cycle","14.74",
"0","9320","probe_ffma.exe","127.0.0.1","probe_timer_only","1","7","(1, 1, 1)","(1, 1, 1)","0","8.6","GPU and Memory Workload Distribution","Workload Distribution","L1 Active Cycles","cycle","855",
"0","9320","probe_ffma.exe","127.0.0.1","probe_timer_only","1","7","(1, 1, 1)","(1, 1, 1)","0","8.6","GPU and Memory Workload Distribution","Workload Distribution","L1 Active Cycles","cycle","0",
"0","9320","probe_ffma.exe","127.0.0.1","probe_timer_only","1","7","(1, 1, 1)","(1, 1, 1)","0","8.6","GPU and Memory Workload Distribution","Workload Distribution","L1 Active Cycles","cycle","855",
"0","9320","probe_ffma.exe","127.0.0.1","probe_timer_only","1","7","(1, 1, 1)","(1, 1, 1)","0","8.6","GPU and Memory Workload Distribution","Workload Distribution","L2 Active Cycles","cycle","108.09",
"0","9320","probe_ffma.exe","127.0.0.1","probe_timer_only","1","7","(1, 1, 1)","(1, 1, 1)","0","8.6","GPU and Memory Workload Distribution","Workload Distribution","L2 Active Cycles","cycle","400",
"0","9320","probe_ffma.exe","127.0.0.1","probe_timer_only","1","7","(1, 1, 1)","(1, 1, 1)","0","8.6","GPU and Memory Workload Distribution","Workload Distribution","L2 Active Cycles","cycle","37",
"0","9320","probe_ffma.exe","127.0.0.1","probe_timer_only","1","7","(1, 1, 1)","(1, 1, 1)","0","8.6","GPU and Memory Workload Distribution","Workload Distribution","L2 Active Cycles","cycle","3,459",
"0","9320","probe_ffma.exe","127.0.0.1","probe_timer_only","1","7","(1, 1, 1)","(1, 1, 1)","0","8.6","GPU and Memory Workload Distribution","Workload Distribution","SM Active Cycles","cycle","14.74",
"0","9320","probe_ffma.exe","127.0.0.1","probe_timer_only","1","7","(1, 1, 1)","(1, 1, 1)","0","8.6","GPU and Memory Workload Distribution","Workload Distribution","SM Active Cycles","cycle","855",
"0","9320","probe_ffma.exe","127.0.0.1","probe_timer_only","1","7","(1, 1, 1)","(1, 1, 1)","0","8.6","GPU and Memory Workload Distribution","Workload Distribution","SM Active Cycles","cycle","0",
"0","9320","probe_ffma.exe","127.0.0.1","probe_timer_only","1","7","(1, 1, 1)","(1, 1, 1)","0","8.6","GPU and Memory Workload Distribution","Workload Distribution","SM Active Cycles","cycle","855",
"0","9320","probe_ffma.exe","127.0.0.1","probe_timer_only","1","7","(1, 1, 1)","(1, 1, 1)","0","8.6","GPU and Memory Workload Distribution","Workload Distribution","SMSP Active Cycles","cycle","3.92",
"0","9320","probe_ffma.exe","127.0.0.1","probe_timer_only","1","7","(1, 1, 1)","(1, 1, 1)","0","8.6","GPU and Memory Workload Distribution","Workload Distribution","SMSP Active Cycles","cycle","910",
"0","9320","probe_ffma.exe","127.0.0.1","probe_timer_only","1","7","(1, 1, 1)","(1, 1, 1)","0","8.6","GPU and Memory Workload Distribution","Workload Distribution","SMSP Active Cycles","cycle","0",
"0","9320","probe_ffma.exe","127.0.0.1","probe_timer_only","1","7","(1, 1, 1)","(1, 1, 1)","0","8.6","GPU and Memory Workload Distribution","Workload Distribution","SMSP Active Cycles","cycle","910",
Traceback (most recent call last):
  File "<frozen importlib._bootstrap>", line 1360, in _find_and_load
  File "<frozen importlib._bootstrap>", line 1331, in _find_and_load_unlocked
  File "<frozen importlib._bootstrap>", line 935, in _load_unlocked
  File "<frozen importlib._bootstrap>", line 1176, in exec_module
  File "<frozen site>", line 635, in <module>
  File "<frozen site>", line 621, in main
  File "<frozen site>", line 364, in addusersitepackages
  File "<frozen site>", line 247, in addsitedir
  File "<frozen site>", line 190, in addpackage
LookupError: unknown encoding: utf-8-sig
